 Hotels Names,price (Details), Price, Hotel Star,  Facilities, Extra Facilities, Parkings, Fitness Facilities
JW Marriott Mussoorie Walnut Grove Resort & Spa,1 night with taxes + fees1,"₹11,685 total",5-star hotel,Free breakfast,Free Wi-Fi,Free parking,Fitness centre
"Welcomhotel By ITC Hotels, The Savoy, Mussoorie",1 night with taxes + fees,"₹12,198 total",5-star hotel,Free breakfast,Wi-Fi,Free parking,Fitness centre
"Rokeby Manor, Mussoorie",1 night with taxes + fees,"₹21,274 total",4-star hotel,Free breakfast,Wi-Fi,Free parking,Spa
Set your dates to update prices,,,,,,,
Ramada By Wyndham Mussoorie Mall Road,1 night with taxes + fees,"₹11,685 total",4-star hotel,Free breakfast,Free Wi-Fi,Free parking,Bar
Jaypee Residency Manor,1 night with taxes + fees,"₹12,198 total",5-star hotel,Free breakfast,Free Wi-Fi,Free parking,Air conditioning
Renest Dunsvirk Court Mussoorie,1 night with taxes + fees,"₹5,711 total",4-star hotel,Free breakfast,Wi-Fi,Parking,Spa
"Fortune Resort Grace Mussoorie, Uttarakhand - Member ITC hotels' group",1 night with taxes + fees,"₹18,879 total",4-star hotel,Free breakfast,Free Wi-Fi,Free parking,Spa
"jüSTa Hollow Oak, Mussoorie",1 night with taxes + fees,"₹13,225 total",4-star hotel,Free breakfast,Wi-Fi,Parking,Kitchen in some rooms
"Tree of Life Highlands, Mussoorie",,,4-star hotel,Free breakfast,Free Wi-Fi,Free parking,Room service
Sterling Mussoorie,1 night with taxes + fees,"₹7,140 total",4-star hotel,Breakfast ($),Free Wi-Fi,Free parking,Fitness centre
"Hotel Green Castle, Mall road, Mussoorie",1 night with taxes + fees,"₹3,554 total",4-star hotel,Free breakfast,Free Wi-Fi,Free parking,Room service
"Royal Orchid Fort Resort, Mussoorie",,,5-star hotel,Free breakfast,Free Wi-Fi,Free parking,Fitness centre
"Country Inn Premier Pacific Resort, Mussoorie",1 night with taxes + fees,"₹4,904 total",4-star hotel,Free breakfast,Free Wi-Fi,Parking,Restaurant
"The Fern Brentwood Resort Mussoorie, Series by Marriott",,,4-star hotel,Free breakfast,Free Wi-Fi,Free parking,Fitness centre
Mosaic Hotel Mussoorie,1 night with taxes + fees,"₹14,139 total",4-star hotel,Free breakfast,Free Wi-Fi,Free parking,Spa
The Golden Palms Hotel & Spa,,,4-star hotel,Free breakfast,Free Wi-Fi,Parking,Fitness centre
Hotel Highland by DLS Hotels,1 night with taxes + fees,"₹3,080 total",4-star hotel,Free breakfast,Free Wi-Fi,Parking,Kitchen in rooms
"Green n Breeze Resorts & Spa, Mussoorie",1 night with taxes + fees,"₹30,000 total",4-star hotel,Breakfast ($),Free Wi-Fi,Free parking,Spa
